edit_type,position,rate,seed,cer,words_changed,micro_precision,micro_recall,micro_f1,LOC_precision,LOC_recall,LOC_f1,MISC_precision,MISC_recall,MISC_f1,ORG_precision,ORG_recall,ORG_f1,PER_precision,PER_recall,PER_f1
case,first,0.0,0,0.0,0.0,0.9066,0.9193,0.9129,0.9321,0.9293,0.9307,0.782,0.8276,0.8042,0.8879,0.9109,0.8993,0.9573,0.9573,0.9573
case,first,0.1,0,0.0169,0.0728,0.8229,0.8391,0.8309,0.8865,0.8477,0.8667,0.6174,0.7265,0.6675,0.8033,0.8332,0.818,0.8861,0.885,0.8855
case,first,0.1,1,0.0162,0.0697,0.8311,0.852,0.8414,0.901,0.8621,0.8811,0.6147,0.7365,0.6701,0.8149,0.8507,0.8324,0.8919,0.893,0.8925
case,first,0.1,2,0.0164,0.0708,0.8214,0.8357,0.8285,0.8919,0.8459,0.8683,0.6179,0.7165,0.6636,0.8062,0.8393,0.8224,0.8711,0.8732,0.8721
case,first,0.25,0,0.0422,0.1818,0.7272,0.7288,0.728,0.8405,0.7422,0.7883,0.4736,0.5997,0.5292,0.6921,0.7255,0.7084,0.8041,0.7743,0.7889
case,first,0.25,1,0.0416,0.1791,0.7319,0.7314,0.7317,0.8453,0.7338,0.7856,0.4663,0.5912,0.5214,0.7126,0.7568,0.734,0.8009,0.7638,0.7819
case,first,0.25,2,0.0412,0.1775,0.7261,0.7227,0.7244,0.8331,0.7332,0.78,0.4762,0.5983,0.5303,0.712,0.7369,0.7243,0.7824,0.7514,0.7666
case,first,0.5,0,0.0842,0.3629,0.6029,0.5451,0.5726,0.757,0.5695,0.65,0.311,0.4031,0.3511,0.5999,0.5876,0.5937,0.6616,0.538,0.5935
case,first,0.5,1,0.0834,0.3593,0.6053,0.5436,0.5728,0.7643,0.5522,0.6411,0.3217,0.4088,0.3601,0.5952,0.5948,0.595,0.6646,0.5405,0.5962
case,first,0.5,2,0.0837,0.3606,0.6055,0.537,0.5692,0.7654,0.5576,0.6452,0.3251,0.4288,0.3698,0.6052,0.5731,0.5887,0.6564,0.5257,0.5838
case,first,0.75,0,0.1257,0.5418,0.5082,0.3584,0.4203,0.6843,0.3951,0.501,0.2199,0.2422,0.2305,0.5366,0.4323,0.4788,0.5248,0.295,0.3777
case,first,0.75,1,0.1252,0.5397,0.5223,0.3633,0.4285,0.71,0.3861,0.5002,0.2066,0.2222,0.2141,0.5573,0.4539,0.5003,0.5449,0.308,0.3935
case,first,0.75,2,0.1259,0.5425,0.5106,0.3552,0.4189,0.7081,0.3999,0.5111,0.2109,0.2265,0.2184,0.5339,0.4365,0.4803,0.52,0.2814,0.3652
case,first,1.0,0,0.1672,0.7204,0.4234,0.1917,0.264,0.6537,0.241,0.3522,0.0865,0.0684,0.0764,0.5019,0.3113,0.3842,0.324,0.0717,0.1175
case,first,1.0,1,0.1672,0.7204,0.4234,0.1917,0.264,0.6537,0.241,0.3522,0.0865,0.0684,0.0764,0.5019,0.3113,0.3842,0.324,0.0717,0.1175
case,first,1.0,2,0.1672,0.7204,0.4234,0.1917,0.264,0.6537,0.241,0.3522,0.0865,0.0684,0.0764,0.5019,0.3113,0.3842,0.324,0.0717,0.1175
